,count,mean,std,min,25%,50%,75%,90%,max
price,4046.0,224.66,399.02,9.0,68.0,120.0,250.0,500.0,11681.0
availability_30,4046.0,10.79,10.81,0.0,0.0,7.0,20.0,29.0,30.0
availability_60,4046.0,24.73,21.84,0.0,0.0,21.0,45.0,58.0,60.0
availability_90,4046.0,40.65,32.95,0.0,4.0,40.0,71.0,88.0,90.0
availability_365,4046.0,171.63,134.43,0.0,31.0,169.0,306.0,355.0,365.0
no_of_reviews,4046.0,37.84,54.94,1.0,4.0,15.0,48.75,107.0,533.0
review_score,4046.0,9.31,0.93,2.0,9.0,9.0,10.0,10.0,10.0
amenities_count,4046.0,23.93,11.58,1.0,15.0,22.0,31.0,40.0,76.0
host_listings_count,4046.0,1.23,0.89,1.0,1.0,1.0,1.0,2.0,11.0
